{
  "project_info": {
    "project_number": "942516303272",
    "project_id": "fir-test-e084c",
    "storage_bucket": "fir-test-e084c.appspot.com"
  },
  "client": [
    {
      "client_info": {
        "mobilesdk_app_id": "1:942516303272:android:6bff077a9ec42fac33599d",
        "android_client_info": {
          "package_name": "com.example.testfirebase"
        }
      },
      "oauth_client": [
        {
          "client_id": "942516303272-rj5doi424f53r0b4fphvu7044oif5lcm.apps.googleusercontent.com",
          "client_type": 1,
          "android_info": {
            "package_name": "com.example.testfirebase",
            "certificate_hash": "fcc28592b0bf27d2598c15319228ae2fc492b2e6"
          }
        },
        {
          "client_id": "942516303272-fjjjrca3v0qj08sjud7cirrqk2budqpq.apps.googleusercontent.com",
          "client_type": 3
        }
      ],
      "api_key": [
        {
          "current_key": "AIzaSyDKj1Y3HXPJmu7XLQMJSOjjqRF6fUe-bcI"
        }
      ],
      "services": {
        "appinvite_service": {
          "other_platform_oauth_client": [
            {
              "client_id": "942516303272-fjjjrca3v0qj08sjud7cirrqk2budqpq.apps.googleusercontent.com",
              "client_type": 3
            }
          ]
        }
      }
    }
  ],
  "configuration_version": "1"
}